{
    "name": "root",
    "gauges": {
        "Dog.Policy.Entropy.mean": {
            "value": 0.3483099639415741,
            "min": 0.3483099639415741,
            "max": 0.3483099639415741,
            "count": 1
        },
        "Dog.Policy.Entropy.sum": {
            "value": 1354.2291259765625,
            "min": 1354.2291259765625,
            "max": 1354.2291259765625,
            "count": 1
        },
        "Dog.Environment.EpisodeLength.mean": {
            "value": 90.6923076923077,
            "min": 90.6923076923077,
            "max": 90.6923076923077,
            "count": 1
        },
        "Dog.Environment.EpisodeLength.sum": {
            "value": 1179.0,
            "min": 1179.0,
            "max": 1179.0,
            "count": 1
        },
        "Dog.Step.mean": {
            "value": 1049943.0,
            "min": 1049943.0,
            "max": 1049943.0,
            "count": 1
        },
        "Dog.Step.sum": {
            "value": 1049943.0,
            "min": 1049943.0,
            "max": 1049943.0,
            "count": 1
        },
        "Dog.Policy.ExtrinsicValueEstimate.mean": {
            "value": 1.7276198863983154,
            "min": 1.7276198863983154,
            "max": 1.7276198863983154,
            "count": 1
        },
        "Dog.Policy.ExtrinsicValueEstimate.sum": {
            "value": 112.29529571533203,
            "min": 112.29529571533203,
            "max": 112.29529571533203,
            "count": 1
        },
        "Dog.Environment.CumulativeReward.mean": {
            "value": 5.2529077873780174,
            "min": 5.2529077873780174,
            "max": 5.2529077873780174,
            "count": 1
        },
        "Dog.Environment.CumulativeReward.sum": {
            "value": 68.28780123591423,
            "min": 68.28780123591423,
            "max": 68.28780123591423,
            "count": 1
        },
        "Dog.Policy.ExtrinsicReward.mean": {
            "value": 5.2529077873780174,
            "min": 5.2529077873780174,
            "max": 5.2529077873780174,
            "count": 1
        },
        "Dog.Policy.ExtrinsicReward.sum": {
            "value": 68.28780123591423,
            "min": 68.28780123591423,
            "max": 68.28780123591423,
            "count": 1
        },
        "Dog.IsTraining.mean": {
            "value": 1.0,
            "min": 1.0,
            "max": 1.0,
            "count": 1
        },
        "Dog.IsTraining.sum": {
            "value": 1.0,
            "min": 1.0,
            "max": 1.0,
            "count": 1
        }
    },
    "metadata": {
        "timer_format_version": "0.1.0",
        "start_time_seconds": "1748452959",
        "python_version": "3.10.12 | packaged by Anaconda, Inc. | (main, Jul  5 2023, 19:01:18) [MSC v.1916 64 bit (AMD64)]",
        "command_line_arguments": "C:\\Users\\Julian\\Downloads\\miniconda\\envs\\mlagents\\Scripts\\mlagents-learn config/Dog.yaml --run-id=Dog --resume",
        "mlagents_version": "1.1.0",
        "mlagents_envs_version": "1.1.0",
        "communication_protocol_version": "1.5.0",
        "pytorch_version": "2.2.2+cu121",
        "numpy_version": "1.23.5",
        "end_time_seconds": "1748453058"
    },
    "total": 99.08962469999994,
    "count": 1,
    "self": 0.006249799999920924,
    "children": {
        "run_training.setup": {
            "total": 0.05475480000001198,
            "count": 1,
            "self": 0.05475480000001198
        },
        "TrainerController.start_learning": {
            "total": 99.02862010000001,
            "count": 1,
            "self": 0.045341400001120746,
            "children": {
                "TrainerController._reset_env": {
                    "total": 4.020674699999972,
                    "count": 1,
                    "self": 4.020674699999972
                },
                "TrainerController.advance": {
                    "total": 94.90838259999896,
                    "count": 2667,
                    "self": 0.045641099997794754,
                    "children": {
                        "env_step": {
                            "total": 83.36474350000066,
                            "count": 2667,
                            "self": 80.53232069999979,
                            "children": {
                                "SubprocessEnvManager._take_step": {
                                    "total": 2.804835100000332,
                                    "count": 2667,
                                    "self": 0.11749309999999014,
                                    "children": {
                                        "TorchPolicy.evaluate": {
                                            "total": 2.687342000000342,
                                            "count": 2611,
                                            "self": 2.687342000000342
                                        }
                                    }
                                },
                                "workers": {
                                    "total": 0.027587700000538007,
                                    "count": 2666,
                                    "self": 0.0,
                                    "children": {
                                        "worker_root": {
                                            "total": 29.62713569999869,
                                            "count": 2666,
                                            "is_parallel": true,
                                            "self": 21.501795699998127,
                                            "children": {
                                                "steps_from_proto": {
                                                    "total": 0.0002709999999979118,
                                                    "count": 1,
                                                    "is_parallel": true,
                                                    "self": 0.00013330000001587905,
                                                    "children": {
                                                        "_process_rank_one_or_two_observation": {
                                                            "total": 0.00013769999998203275,
                                                            "count": 2,
                                                            "is_parallel": true,
                                                            "self": 0.00013769999998203275
                                                        }
                                                    }
                                                },
                                                "UnityEnvironment.step": {
                                                    "total": 8.125069000000565,
                                                    "count": 2666,
                                                    "is_parallel": true,
                                                    "self": 0.14841870000140034,
                                                    "children": {
                                                        "UnityEnvironment._generate_step_input": {
                                                            "total": 0.21893050000045378,
                                                            "count": 2666,
                                                            "is_parallel": true,
                                                            "self": 0.21893050000045378
                                                        },
                                                        "communicator.exchange": {
                                                            "total": 7.35605729999844,
                                                            "count": 2666,
                                                            "is_parallel": true,