{
    "name": "root",
    "gauges": {
        "Dog.Policy.Entropy.mean": {
            "value": 0.3771103322505951,
            "min": 0.1289607584476471,
            "max": 0.4320599138736725,
            "count": 100
        },
        "Dog.Policy.Entropy.sum": {
            "value": 18866.076171875,
            "min": 6494.97998046875,
            "max": 21604.724609375,
            "count": 100
        },
        "Dog.Environment.EpisodeLength.mean": {
            "value": 68.71388499298737,
            "min": 64.46850393700787,
            "max": 382.68333333333334,
            "count": 100
        },
        "Dog.Environment.EpisodeLength.sum": {
            "value": 48993.0,
            "min": 45922.0,
            "max": 51699.0,
            "count": 100
        },
        "Dog.Step.mean": {
            "value": 9999984.0,
            "min": 5049949.0,
            "max": 9999984.0,
            "count": 100
        },
        "Dog.Step.sum": {
            "value": 9999984.0,
            "min": 5049949.0,
            "max": 9999984.0,
            "count": 100
        },
        "Dog.Policy.ExtrinsicValueEstimate.mean": {
            "value": 36.8438835144043,
            "min": 6.840883731842041,
            "max": 37.5081787109375,
            "count": 100
        },
        "Dog.Policy.ExtrinsicValueEstimate.sum": {
            "value": 43070.5,
            "min": 5753.18310546875,
            "max": 45140.41015625,
            "count": 100
        },
        "Dog.Environment.CumulativeReward.mean": {
            "value": 49.7996456650104,
            "min": 19.485903417815766,
            "max": 49.877785426810135,
            "count": 100
        },
        "Dog.Environment.CumulativeReward.sum": {
            "value": 35556.947004817426,
            "min": 2338.3084101378918,
            "max": 38001.03196031973,
            "count": 100
        },
        "Dog.Policy.ExtrinsicReward.mean": {
            "value": 49.7996456650104,
            "min": 19.485903417815766,
            "max": 49.877785426810135,
            "count": 100
        },
        "Dog.Policy.ExtrinsicReward.sum": {
            "value": 35556.947004817426,
            "min": 2338.3084101378918,
            "max": 38001.03196031973,
            "count": 100
        },
        "Dog.Losses.PolicyLoss.mean": {
            "value": 0.025001046236526842,
            "min": 0.01904698393191211,
            "max": 0.027710632431941728,
            "count": 100
        },
        "Dog.Losses.PolicyLoss.sum": {
            "value": 0.1250052311826342,
            "min": 0.07618793572764844,
            "max": 0.13855316215970864,
            "count": 100
        },
        "Dog.Losses.ValueLoss.mean": {
            "value": 4.933012243906657,
            "min": 4.241228208541871,
            "max": 15.844137318929034,
            "count": 100
        },
        "Dog.Losses.ValueLoss.sum": {
            "value": 24.665061219533285,
            "min": 18.415606713294984,
            "max": 79.22068659464517,
            "count": 100
        },
        "Dog.Policy.LearningRate.mean": {
            "value": 8.622637126119987e-07,
            "min": 8.622637126119987e-07,
            "max": 0.0001492207327597725,
            "count": 100
        },
        "Dog.Policy.LearningRate.sum": {
            "value": 4.311318563059994e-06,
            "min": 4.311318563059994e-06,
            "max": 0.00073916377361216,
            "count": 100
        },
        "Dog.Policy.Epsilon.mean": {
            "value": 0.100287388,
            "min": 0.100287388,
            "max": 0.14974022750000004,
            "count": 100
        },
        "Dog.Policy.Epsilon.sum": {
            "value": 0.50143694,
            "min": 0.40299822999999996,
            "max": 0.7463878399999999,
            "count": 100
        },
        "Dog.Policy.Beta.mean": {
            "value": 2.434066119999998e-05,
            "min": 2.434066119999998e-05,
            "max": 0.0024920373522500003,
            "count": 100
        },
        "Dog.Policy.Beta.sum": {
            "value": 0.0001217033059999999,
            "min": 0.0001217033059999999,
            "max": 0.012344753216,
            "count": 100
        },
        "Dog.IsTraining.mean": {
            "value": 1.0,
            "min": 1.0,
            "max": 1.0,
            "count": 100
        },
        "Dog.IsTraining.sum": {
            "value": 1.0,
            "min": 1.0,
            "max": 1.0,
            "count": 100
        }
    },
    "metadata": {
        "timer_format_version": "0.1.0",
        "start_time_seconds": "1748460254",
        "python_version": "3.10.12 | packaged by Anaconda, Inc. | (main, Jul  5 2023, 19:01:18) [MSC v.1916 64 bit (AMD64)]",
        "command_line_arguments": "C:\\Users\\Julian\\Downloads\\miniconda\\envs\\mlagents\\Scripts\\mlagents-learn config/Dog.yaml --run-id=Dog --resume",
        "mlagents_version": "1.1.0",
        "mlagents_envs_version": "1.1.0",
        "communication_protocol_version": "1.5.0",
        "pytorch_version": "2.2.2+cu121",
        "numpy_version": "1.23.5",
        "end_time_seconds": "1748464265"
    },
    "total": 4011.0542731999994,
    "count": 1,
    "self": 0.008029899998291512,
    "children": {
        "run_training.setup": {
            "total": 0.04963840000073105,
            "count": 1,
            "self": 0.04963840000073105
        },
        "TrainerController.start_learning": {
            "total": 4010.9966049000004,
            "count": 1,
            "self": 8.729133500165517,
            "children": {
                "TrainerController._reset_env": {
                    "total": 9.20414669999991,
                    "count": 1,
                    "self": 9.20414669999991
                },
                "TrainerController.advance": {
                    "total": 3993.0131068998344,
                    "count": 465033,
                    "self": 8.547025600139932,
                    "children": {
                        "env_step": {
                            "total": 2420.016631299921,
                            "count": 465033,
                            "self": 1951.9997422992537,
                            "children": {
                                "SubprocessEnvManager._take_step": {
                                    "total": 462.6765665004523,
                                    "count": 465033,
                                    "self": 20.77429770009894,
                                    "children": {
                                        "TorchPolicy.evaluate": {
                                            "total": 441.90226880035334,
                                            "count": 416694,
                                            "self": 441.90226880035334
                                        }
                                    }
                                },
                                "workers": {
                                    "total": 5.340322500214825,
                                    "count": 465033,
                                    "self": 0.0,
                                    "children": {
                                        "worker_root": {
                                            "total": 3995.9094779000134,
                                            "count": 465033,
                                            "is_parallel": true,
                                            "self": 2561.7996211008185,
                                            "children": {
                                                "steps_from_proto": {
                                                    "total": 0.0002614999993966194,
                                                    "count": 1,
                                                    "is_parallel": true,
                                                    "self": 0.00012169999899924733,