{
    "name": "root",
    "gauges": {
        "Dog.Policy.Entropy.mean": {
            "value": 0.1186041459441185,
            "min": 0.1186041459441185,
            "max": 1.381570816040039,
            "count": 61
        },
        "Dog.Policy.Entropy.sum": {
            "value": 5886.79833984375,
            "min": 5886.79833984375,
            "max": 69830.1171875,
            "count": 61
        },
        "Dog.Environment.LessonNumber.goal_open_sides.mean": {
            "value": 0.0,
            "min": 0.0,
            "max": 0.0,
            "count": 61
        },
        "Dog.Environment.LessonNumber.goal_open_sides.sum": {
            "value": 0.0,
            "min": 0.0,
            "max": 0.0,
            "count": 61
        },
        "Dog.Step.mean": {
            "value": 3049963.0,
            "min": 49968.0,
            "max": 3049963.0,
            "count": 61
        },
        "Dog.Step.sum": {
            "value": 3049963.0,
            "min": 49968.0,
            "max": 3049963.0,
            "count": 61
        },
        "Dog.Policy.ExtrinsicValueEstimate.mean": {
            "value": 5.522658348083496,
            "min": -6.268779754638672,
            "max": 13.256204605102539,
            "count": 61
        },
        "Dog.Policy.ExtrinsicValueEstimate.sum": {
            "value": 4340.8095703125,
            "min": -4927.2607421875,
            "max": 10419.376953125,
            "count": 61
        },
        "Dog.Losses.PolicyLoss.mean": {
            "value": 0.02426887533006569,
            "min": 0.020671866207073133,
            "max": 0.027711488797018922,
            "count": 61
        },
        "Dog.Losses.PolicyLoss.sum": {
            "value": 0.12134437665032845,
            "min": 0.08319861209020019,
            "max": 0.13855744398509462,
            "count": 61
        },
        "Dog.Losses.ValueLoss.mean": {
            "value": 15.645748284657795,
            "min": 5.288587578137716,
            "max": 35.16666851043701,
            "count": 61
        },
        "Dog.Losses.ValueLoss.sum": {
            "value": 78.22874142328898,
            "min": 21.154350312550864,
            "max": 175.83334255218506,
            "count": 61
        },
        "Dog.Policy.LearningRate.mean": {
            "value": 0.00020928210023931,
            "min": 0.00020928210023931,
            "max": 0.00029919192026935993,
            "count": 61
        },
        "Dog.Policy.LearningRate.sum": {
            "value": 0.00104641050119655,
            "min": 0.00084891599702804,
            "max": 0.00148869936376688,
            "count": 61
        },
        "Dog.Policy.Epsilon.mean": {
            "value": 0.16976069000000002,
            "min": 0.16976069000000002,
            "max": 0.19973064000000007,
            "count": 61
        },
        "Dog.Policy.Epsilon.sum": {
            "value": 0.8488034500000001,
            "min": 0.6829719599999998,
            "max": 0.9962331200000003,
            "count": 61
        },
        "Dog.Policy.Beta.mean": {
            "value": 0.0034910584310000005,
            "min": 0.0034910584310000005,
            "max": 0.004986558936,
            "count": 61
        },
        "Dog.Policy.Beta.sum": {
            "value": 0.017455292155000003,
            "min": 0.014160300804000003,
            "max": 0.02481203268799999,
            "count": 61
        },
        "Dog.Environment.EpisodeLength.mean": {
            "value": 1399.0,
            "min": 1342.967741935484,
            "max": 1399.0,
            "count": 61
        },
        "Dog.Environment.EpisodeLength.sum": {
            "value": 48965.0,
            "min": 36374.0,
            "max": 54714.0,
            "count": 61
        },
        "Dog.Environment.CumulativeReward.mean": {
            "value": 78.81283244778002,
            "min": -199.46274453974686,
            "max": 193.8812199650953,
            "count": 61
        },
        "Dog.Environment.CumulativeReward.sum": {
            "value": 2758.449135672301,
            "min": -5186.031358033419,
            "max": 7561.3675786387175,
            "count": 61
        },
        "Dog.Policy.ExtrinsicReward.mean": {
            "value": 78.81283244778002,
            "min": -199.46274453974686,
            "max": 193.8812199650953,
            "count": 61
        },
        "Dog.Policy.ExtrinsicReward.sum": {
            "value": 2758.449135672301,
            "min": -5186.031358033419,
            "max": 7561.3675786387175,
            "count": 61
        },
        "Dog.IsTraining.mean": {
            "value": 1.0,
            "min": 1.0,
            "max": 1.0,
            "count": 61
        },
        "Dog.IsTraining.sum": {
            "value": 1.0,
            "min": 1.0,
            "max": 1.0,
            "count": 61
        }
    },
    "metadata": {
        "timer_format_version": "0.1.0",
        "start_time_seconds": "1755863427",
        "python_version": "3.10.12 | packaged by Anaconda, Inc. | (main, Jul  5 2023, 19:01:18) [MSC v.1916 64 bit (AMD64)]",
        "command_line_arguments": "C:\\Users\\nikla\\miniconda3\\envs\\mlagents\\Scripts\\mlagents-learn config/dog.yaml --run-id=dog2",
        "mlagents_version": "1.1.0",
        "mlagents_envs_version": "1.1.0",
        "communication_protocol_version": "1.5.0",
        "pytorch_version": "2.2.2+cu121",
        "numpy_version": "1.23.5",
        "end_time_seconds": "1755872869"
    },
    "total": 9442.665288700002,
    "count": 1,
    "self": 0.013550100002248655,
    "children": {
        "run_training.setup": {
            "total": 0.1071481999988464,
            "count": 1,
            "self": 0.1071481999988464
        },
        "TrainerController.start_learning": {
            "total": 9442.5445904,
            "count": 1,
            "self": 15.092371501263187,
            "children": {
                "TrainerController._reset_env": {
                    "total": 8.926138300001185,
                    "count": 1,
                    "self": 8.926138300001185
                },
                "TrainerController.advance": {
                    "total": 9418.456475898738,
                    "count": 237032,
                    "self": 7.48224849905273,
                    "children": {
                        "env_step": {
                            "total": 8525.804663000608,
                            "count": 237032,
                            "self": 6753.837527501075,
                            "children": {
                                "SubprocessEnvManager._take_step": {
                                    "total": 1768.737444399394,
                                    "count": 237032,
                                    "self": 12.912721599332144,
                                    "children": {
                                        "TorchPolicy.evaluate": {
                                            "total": 1755.8247228000619,
                                            "count": 236601,
                                            "self": 1755.8247228000619
                                        }
                                    }
                                },
                                "workers": {
                                    "total": 3.229691100139462,
                                    "count": 237031,
                                    "self": 0.0,
                                    "children": {
                                        "worker_root": {
                                            "total": 9364.570305600691,
                                            "count": 237031,
                                            "is_parallel": true,
                                            "self": 2985.292860401245,