{
    "name": "root",
    "metadata": {
        "timer_format_version": "0.1.0",
        "start_time_seconds": "1748448431",
        "python_version": "3.10.12 | packaged by Anaconda, Inc. | (main, Jul  5 2023, 19:01:18) [MSC v.1916 64 bit (AMD64)]",
        "command_line_arguments": "C:\\Users\\Julian\\Downloads\\miniconda\\envs\\mlagents\\Scripts\\mlagents-learn --run-id=newDog --force",
        "mlagents_version": "1.1.0",
        "mlagents_envs_version": "1.1.0",
        "communication_protocol_version": "1.5.0",
        "pytorch_version": "2.2.2+cu121",
        "numpy_version": "1.23.5",
        "end_time_seconds": "1748448580"
    },
    "total": 148.55102570000008,
    "count": 1,
    "self": 0.00667650000013964,
    "children": {
        "run_training.setup": {
            "total": 0.03278330000000551,
            "count": 1,
            "self": 0.03278330000000551
        },
        "TrainerController.start_learning": {
            "total": 148.51156589999994,
            "count": 1,
            "self": 0.00018950000003314926,
            "children": {
                "TrainerController._reset_env": {
                    "total": 7.9288053999999875,
                    "count": 1,
                    "self": 7.9288053999999875
                },
                "TrainerController.advance": {
                    "total": 140.45652989999996,
                    "count": 1,
                    "self": 1.5999999959603883e-05,
                    "children": {
                        "env_step": {
                            "total": 140.4565139,
                            "count": 1,
                            "self": 140.4564979999999,
                            "children": {
                                "SubprocessEnvManager._take_step": {
                                    "total": 1.5900000107649248e-05,
                                    "count": 2,
                                    "self": 1.5900000107649248e-05
                                }
                            }
                        }
                    }
                },
                "TrainerController._save_models": {
                    "total": 0.12604109999995217,
                    "count": 1,
                    "self": 0.008676399999899331,
                    "children": {
                        "RLTrainer._checkpoint": {
                            "total": 0.11736470000005284,
                            "count": 1,
                            "self": 0.11736470000005284
                        }
                    }
                }
            }
        }
    }
}