{"count":1,"self":5121.2189696,"total":9286.9880808999987,"children":{"InitializeActuators":{"count":1,"self":0.0015059,"total":0.0015059,"children":null},"InitializeSensors":{"count":1,"self":0.0014494,"total":0.0014494,"children":null},"AgentSendState":{"count":4883590,"self":46.4235008,"total":65.9030579,"children":{"CollectObservations":{"count":976718,"self":0.6205352,"total":0.6205352,"children":null},"WriteActionMask":{"count":976718,"self":0.8155545,"total":0.8155545,"children":null},"RequestDecision":{"count":976718,"self":3.4082103999999998,"total":18.0434674,"children":{"AgentInfo.ToProto":{"count":976718,"self":3.7875455999999996,"total":14.635257099999999,"children":{"GenerateSensorData":{"count":976718,"self":8.8183904,"total":10.847711499999999,"children":{"RayPerceptionSensor.Perceive":{"count":976718,"self":2.0293208,"total":2.0293207,"children":null}}}}}}}}},"DecideAction":{"count":4883590,"self":4078.5002495999997,"total":4078.5003011,"children":null},"AgentAct":{"count":4883590,"self":21.3561488,"total":21.361843699999998,"children":{"AgentInfo.ToProto":{"count":325,"self":0.0030174,"total":0.0056942999999999994,"children":{"GenerateSensorData":{"count":325,"self":0.0015011,"total":0.0026769,"children":{"RayPerceptionSensor.Perceive":{"count":325,"self":0.0011757999999999998,"total":0.0011757999999999998,"children":null}}}}}}}},"gauges":{"Dog.CumulativeReward":{"count":325,"max":18.9972839,"min":-168.3032,"runningAverage":-57.32376,"value":-139.1055,"weightedAverage":-64.49418}},"metadata":{"timer_format_version":"0.1.0","start_time_seconds":"1750929827","unity_version":"6000.1.4f1","command_line_arguments":"C:\\Program Files\\Unity\\Hub\\Editor\\6000.1.4f1\\Editor\\Unity.exe -projectpath G:\\UnityProjects\\Sheep-Dog-AI-Sim -useHub -hubIPC -cloudEnvironment production -licensingIpc LicenseClient-Julian -hubSessionId d3b89748-2bc6-47b2-bdea-4310a2732cb8 -accessToken jOTJCyq7GxYGj-kKiaYLJ0MRiiuO9rk_iOqyJcrh5S8008f","communication_protocol_version":"1.5.0","com.unity.ml-agents_version":"2.0.1","scene_name":"MLAgent","end_time_seconds":"1750939114"}}