{
    "name": "root",
    "metadata": {
        "timer_format_version": "0.1.0",
        "start_time_seconds": "1748445279",
        "python_version": "3.10.12 | packaged by Anaconda, Inc. | (main, Jul  5 2023, 19:01:18) [MSC v.1916 64 bit (AMD64)]",
        "command_line_arguments": "C:\\Users\\Julian\\Downloads\\miniconda\\envs\\mlagents\\Scripts\\mlagents-learn --run-id=newdow",
        "mlagents_version": "1.1.0",
        "mlagents_envs_version": "1.1.0",
        "communication_protocol_version": "1.5.0",
        "pytorch_version": "2.2.2+cu121",
        "numpy_version": "1.23.5",
        "end_time_seconds": "1748445392"
    },
    "total": 113.6383980999999,
    "count": 1,
    "self": 10.007697700002609,
    "children": {
        "run_training.setup": {
            "total": 0.013316199998371303,
            "count": 1,
            "self": 0.013316199998371303
        },
        "TrainerController.start_learning": {
            "total": 103.61738419999892,
            "count": 1,
            "self": 0.0003299999989394564,
            "children": {
                "TrainerController._reset_env": {
                    "total": 12.210781599998882,
                    "count": 1,
                    "self": 12.210781599998882
                },
                "TrainerController.advance": {
                    "total": 91.32308159999957,
                    "count": 3,
                    "self": 6.420000499929301e-05,
                    "children": {
                        "env_step": {
                            "total": 91.32295479999448,
                            "count": 3,
                            "self": 91.32288999999582,
                            "children": {
                                "SubprocessEnvManager._take_step": {
                                    "total": 3.029999788850546e-05,
                                    "count": 4,
                                    "self": 3.029999788850546e-05
                                },
                                "workers": {
                                    "total": 3.4500000765547156e-05,
                                    "count": 2,
                                    "self": 0.0,
                                    "children": {
                                        "worker_root": {
                                            "total": 6.993929399999615,
                                            "count": 2,
                                            "is_parallel": true,
                                            "self": 0.9134741999987455,
                                            "children": {
                                                "steps_from_proto": {
                                                    "total": 0.0003528000015649013,
                                                    "count": 2,
                                                    "is_parallel": true,
                                                    "self": 0.00012100000094505958,
                                                    "children": {
                                                        "_process_rank_one_or_two_observation": {
                                                            "total": 0.00023180000061984174,
                                                            "count": 4,
                                                            "is_parallel": true,
                                                            "self": 0.00023180000061984174
                                                        }
                                                    }
                                                },
                                                "UnityEnvironment.step": {
                                                    "total": 6.080102399999305,
                                                    "count": 2,
                                                    "is_parallel": true,
                                                    "self": 0.0002052000054391101,
                                                    "children": {
                                                        "UnityEnvironment._generate_step_input": {
                                                            "total": 6.469999425462447e-05,
                                                            "count": 2,
                                                            "is_parallel": true,
                                                            "self": 6.469999425462447e-05
                                                        },
                                                        "communicator.exchange": {
                                                            "total": 6.079477800001769,
                                                            "count": 2,
                                                            "is_parallel": true,
                                                            "self": 6.079477800001769
                                                        },
                                                        "steps_from_proto": {
                                                            "total": 0.0003546999978425447,
                                                            "count": 2,
                                                            "is_parallel": true,
                                                            "self": 0.00012379999316181056,
                                                            "children": {
                                                                "_process_rank_one_or_two_observation": {
                                                                    "total": 0.00023090000468073413,
                                                                    "count": 4,
                                                                    "is_parallel": true,
                                                                    "self": 0.00023090000468073413
                                                                }
                                                            }
                                                        }
                                                    }
                                                }
                                            }
                                        }
                                    }
                                }
                            }
                        },
                        "trainer_advance": {
                            "total": 6.260000009206124e-05,
                            "count": 2,
                            "self": 4.369999805931002e-05,
                            "children": {
                                "process_trajectory": {
                                    "total": 1.8900002032751217e-05,
                                    "count": 2,
                                    "self": 1.8900002032751217e-05
                                }
                            }
                        }
                    }
                },
                "trainer_threads": {
                    "total": 1.1000010999850929e-06,
                    "count": 1,
                    "self": 1.1000010999850929e-06
                },
                "TrainerController._save_models": {
                    "total": 0.08318990000043414,
                    "count": 1,
                    "self": 0.00816820000181906,
                    "children": {
                        "RLTrainer._checkpoint": {
                            "total": 0.07502169999861508,
                            "count": 1,
                            "self": 0.07502169999861508
                        }
                    }
                }
            }
        }
    }
}