{
    "name": "root",
    "gauges": {
        "Dog.Policy.Entropy.mean": {
            "value": 1.0080558061599731,
            "min": 1.0080558061599731,
            "max": 1.355426549911499,
            "count": 10
        },
        "Dog.Policy.Entropy.sum": {
            "value": 50451.17578125,
            "min": 50451.17578125,
            "max": 67836.390625,
            "count": 10
        },
        "Dog.Step.mean": {
            "value": 499968.0,
            "min": 49984.0,
            "max": 499968.0,
            "count": 10
        },
        "Dog.Step.sum": {
            "value": 499968.0,
            "min": 49984.0,
            "max": 499968.0,
            "count": 10
        },
        "Dog.Policy.ExtrinsicValueEstimate.mean": {
            "value": -2.82409405708313,
            "min": -3.908235788345337,
            "max": -2.82409405708313,
            "count": 10
        },
        "Dog.Policy.ExtrinsicValueEstimate.sum": {
            "value": -2256.451171875,
            "min": -3122.680419921875,
            "max": -2256.451171875,
            "count": 10
        },
        "Dog.Losses.PolicyLoss.mean": {
            "value": 0.022375966081903738,
            "min": 0.021867623324082652,
            "max": 0.025298582240903863,
            "count": 10
        },
        "Dog.Losses.PolicyLoss.sum": {
            "value": 0.1118798304095187,
            "min": 0.08747049329633061,
            "max": 0.12030027250716971,
            "count": 10
        },
        "Dog.Losses.ValueLoss.mean": {
            "value": 0.08160769305333043,
            "min": 0.07430264822574276,
            "max": 9.360603659441978,
            "count": 10
        },
        "Dog.Losses.ValueLoss.sum": {
            "value": 0.40803846526665216,
            "min": 0.3715132411287138,
            "max": 37.44241463776791,
            "count": 10
        },
        "Dog.Policy.LearningRate.mean": {
            "value": 1.607049464319999e-05,
            "min": 1.607049464319999e-05,
            "max": 0.000283392005536,
            "count": 10
        },
        "Dog.Policy.LearningRate.sum": {
            "value": 8.035247321599995e-05,
            "min": 8.035247321599995e-05,
            "max": 0.0012685248771583996,
            "count": 10
        },
        "Dog.Policy.Epsilon.mean": {
            "value": 0.10535679999999999,
            "min": 0.10535679999999999,
            "max": 0.19446400000000003,
            "count": 10
        },
        "Dog.Policy.Epsilon.sum": {
            "value": 0.5267839999999999,
            "min": 0.461056,
            "max": 0.9228415999999999,
            "count": 10
        },
        "Dog.Policy.Beta.mean": {
            "value": 0.00027730431999999983,
            "min": 0.00027730431999999983,
            "max": 0.0047237536,
            "count": 10
        },
        "Dog.Policy.Beta.sum": {
            "value": 0.0013865215999999993,
            "min": 0.0013865215999999993,
            "max": 0.021149795840000003,
            "count": 10
        },
        "Dog.Environment.EpisodeLength.mean": {
            "value": 999.0,
            "min": 999.0,
            "max": 999.0,
            "count": 10
        },
        "Dog.Environment.EpisodeLength.sum": {
            "value": 47952.0,
            "min": 47952.0,
            "max": 63936.0,
            "count": 10
        },
        "Dog.Environment.CumulativeReward.mean": {
            "value": -26.64510055879752,
            "min": -185.84218727440262,
            "max": -26.587079503883917,
            "count": 10
        },
        "Dog.Environment.CumulativeReward.sum": {
            "value": -1278.9648268222809,
            "min": -8920.424989171326,
            "max": -1276.179816186428,
            "count": 10
        },
        "Dog.Policy.ExtrinsicReward.mean": {
            "value": -26.64510055879752,
            "min": -185.84218727440262,
            "max": -26.587079503883917,
            "count": 10
        },
        "Dog.Policy.ExtrinsicReward.sum": {
            "value": -1278.9648268222809,
            "min": -8920.424989171326,
            "max": -1276.179816186428,
            "count": 10
        },
        "Dog.IsTraining.mean": {
            "value": 1.0,
            "min": 1.0,
            "max": 1.0,
            "count": 10
        },
        "Dog.IsTraining.sum": {
            "value": 1.0,
            "min": 1.0,
            "max": 1.0,
            "count": 10
        }
    },
    "metadata": {
        "timer_format_version": "0.1.0",
        "start_time_seconds": "1748439806",
        "python_version": "3.10.12 | packaged by Anaconda, Inc. | (main, Jul  5 2023, 19:01:18) [MSC v.1916 64 bit (AMD64)]",
        "command_line_arguments": "C:\\Users\\Julian\\Downloads\\miniconda\\envs\\mlagents\\Scripts\\mlagents-learn --run-id=dog4 --force",
        "mlagents_version": "1.1.0",
        "mlagents_envs_version": "1.1.0",
        "communication_protocol_version": "1.5.0",
        "pytorch_version": "2.2.2+cu121",
        "numpy_version": "1.23.5",
        "end_time_seconds": "1748440134"
    },
    "total": 327.57455449999907,
    "count": 1,
    "self": 0.014583299998776056,
    "children": {
        "run_training.setup": {
            "total": 0.013715799999772571,
            "count": 1,
            "self": 0.013715799999772571
        },
        "TrainerController.start_learning": {
            "total": 327.5462554000005,
            "count": 1,
            "self": 0.5221813996577112,
            "children": {
                "TrainerController._reset_env": {
                    "total": 7.603110799998831,
                    "count": 1,
                    "self": 7.603110799998831
                },
                "TrainerController.advance": {
                    "total": 319.3929826003441,
                    "count": 31256,
                    "self": 0.4931897008391388,
                    "children": {
                        "env_step": {
                            "total": 165.53596859968093,
                            "count": 31256,
                            "self": 131.74996429948442,
                            "children": {
                                "SubprocessEnvManager._take_step": {
                                    "total": 33.45852940014447,
                                    "count": 31256,
                                    "self": 1.464970400553284,
                                    "children": {
                                        "TorchPolicy.evaluate": {
                                            "total": 31.993558999591187,
                                            "count": 31256,
                                            "self": 31.993558999591187
                                        }
                                    }
                                },
                                "workers": {
                                    "total": 0.3274749000520387,
                                    "count": 31256,
                                    "self": 0.0,
                                    "children": {
                                        "worker_root": {
                                            "total": 320.0557238000474,
                                            "count": 31256,
                                            "is_parallel": true,
                                            "self": 238.84843430049295,
                                            "children": {
                                                "steps_from_proto": {
                                                    "total": 0.00040439999793306924,
                                                    "count": 1,
                                                    "is_parallel": true,
                                                    "self": 0.0002521999995224178,