{
    "name": "root",
    "gauges": {
        "Dog.Policy.Entropy.mean": {
            "value": 0.09947973489761353,
            "min": 0.07949759811162949,
            "max": 1.3791861534118652,
            "count": 152
        },
        "Dog.Policy.Entropy.sum": {
            "value": 4975.0810546875,
            "min": 3987.12255859375,
            "max": 69709.5859375,
            "count": 152
        },
        "Dog.Environment.LessonNumber.goal_open_sides.mean": {
            "value": 0.0,
            "min": 0.0,
            "max": 0.0,
            "count": 152
        },
        "Dog.Environment.LessonNumber.goal_open_sides.sum": {
            "value": 0.0,
            "min": 0.0,
            "max": 0.0,
            "count": 152
        },
        "Dog.Step.mean": {
            "value": 7599987.0,
            "min": 49968.0,
            "max": 7599987.0,
            "count": 152
        },
        "Dog.Step.sum": {
            "value": 7599987.0,
            "min": 49968.0,
            "max": 7599987.0,
            "count": 152
        },
        "Dog.Policy.ExtrinsicValueEstimate.mean": {
            "value": 28.27425193786621,
            "min": -10.7158203125,
            "max": 41.516483306884766,
            "count": 152
        },
        "Dog.Policy.ExtrinsicValueEstimate.sum": {
            "value": 22251.8359375,
            "min": -8422.634765625,
            "max": 32673.47265625,
            "count": 152
        },
        "Dog.Losses.PolicyLoss.mean": {
            "value": 0.022008435574049752,
            "min": 0.020302374040087067,
            "max": 0.02723520358403524,
            "count": 152
        },
        "Dog.Losses.PolicyLoss.sum": {
            "value": 0.11004217787024875,
            "min": 0.08135665009419123,
            "max": 0.1361760179201762,
            "count": 152
        },
        "Dog.Losses.ValueLoss.mean": {
            "value": 191.8440259806315,
            "min": 24.25446261405945,
            "max": 352.12936795552577,
            "count": 152
        },
        "Dog.Losses.ValueLoss.sum": {
            "value": 959.2201299031575,
            "min": 116.23136870066325,
            "max": 1493.4086334228514,
            "count": 152
        },
        "Dog.Policy.LearningRate.mean": {
            "value": 7.279295773570603e-05,
            "min": 7.279295773570603e-05,
            "max": 0.00029919192026935993,
            "count": 152
        },
        "Dog.Policy.LearningRate.sum": {
            "value": 0.00036396478867853013,
            "min": 0.00030292730902433003,
            "max": 0.00148869936376688,
            "count": 152
        },
        "Dog.Policy.Epsilon.mean": {
            "value": 0.12426429399999998,
            "min": 0.12426429399999998,
            "max": 0.19973064000000007,
            "count": 152
        },
        "Dog.Policy.Epsilon.sum": {
            "value": 0.6213214699999999,
            "min": 0.5009756700000001,
            "max": 0.9962331200000003,
            "count": 152
        },
        "Dog.Policy.Beta.mean": {
            "value": 0.0012207882706,
            "min": 0.0012207882706,
            "max": 0.004986558936,
            "count": 152
        },
        "Dog.Policy.Beta.sum": {
            "value": 0.006103941353000001,
            "min": 0.005078685933000001,
            "max": 0.02481203268799999,
            "count": 152
        },
        "Dog.Environment.EpisodeLength.mean": {
            "value": 1393.8,
            "min": 1309.125,
            "max": 1399.0,
            "count": 152
        },
        "Dog.Environment.EpisodeLength.sum": {
            "value": 48783.0,
            "min": 36374.0,
            "max": 55491.0,
            "count": 152
        },
        "Dog.Environment.CumulativeReward.mean": {
            "value": 400.04182031597287,
            "min": -218.28265690803528,
            "max": 581.7654258444121,
            "count": 152
        },
        "Dog.Environment.CumulativeReward.sum": {
            "value": 13601.421890743077,
            "min": -7229.913586229086,
            "max": 22107.08618208766,
            "count": 152
        },
        "Dog.Policy.ExtrinsicReward.mean": {
            "value": 400.04182031597287,
            "min": -218.28265690803528,
            "max": 581.7654258444121,
            "count": 152
        },
        "Dog.Policy.ExtrinsicReward.sum": {
            "value": 13601.421890743077,
            "min": -7229.913586229086,
            "max": 22107.08618208766,
            "count": 152
        },
        "Dog.IsTraining.mean": {
            "value": 1.0,
            "min": 1.0,
            "max": 1.0,
            "count": 152
        },
        "Dog.IsTraining.sum": {
            "value": 1.0,
            "min": 1.0,
            "max": 1.0,
            "count": 152
        }
    },
    "metadata": {
        "timer_format_version": "0.1.0",
        "start_time_seconds": "1755873704",
        "python_version": "3.10.12 | packaged by Anaconda, Inc. | (main, Jul  5 2023, 19:01:18) [MSC v.1916 64 bit (AMD64)]",
        "command_line_arguments": "C:\\Users\\nikla\\miniconda3\\envs\\mlagents\\Scripts\\mlagents-learn config/dog.yaml --run-id=dog3",
        "mlagents_version": "1.1.0",
        "mlagents_envs_version": "1.1.0",
        "communication_protocol_version": "1.5.0",
        "pytorch_version": "2.2.2+cu121",
        "numpy_version": "1.23.5",
        "end_time_seconds": "1755895293"
    },
    "total": 21588.102068300002,
    "count": 1,
    "self": 0.013612700004159706,
    "children": {
        "run_training.setup": {
            "total": 0.10362900000109221,
            "count": 1,
            "self": 0.10362900000109221
        },
        "TrainerController.start_learning": {
            "total": 21587.984826599997,
            "count": 1,
            "self": 66.98438110147254,
            "children": {
                "TrainerController._reset_env": {
                    "total": 15.01649169999655,
                    "count": 1,
                    "self": 15.01649169999655
                },
                "TrainerController.advance": {
                    "total": 21505.899105498527,
                    "count": 590489,
                    "self": 18.88627699816061,
                    "children": {
                        "env_step": {
                            "total": 19191.381411400464,
                            "count": 590489,
                            "self": 15694.998697601364,
                            "children": {
                                "SubprocessEnvManager._take_step": {
                                    "total": 3488.106479599446,
                                    "count": 590489,
                                    "self": 32.288128696975036,
                                    "children": {
                                        "TorchPolicy.evaluate": {
                                            "total": 3455.818350902471,
                                            "count": 585783,
                                            "self": 3455.818350902471
                                        }
                                    }
                                },
                                "workers": {
                                    "total": 8.276234199653118,
                                    "count": 590488,
                                    "self": 0.0,
                                    "children": {
                                        "worker_root": {
                                            "total": 21495.93044079967,
                                            "count": 590488,
                                            "is_parallel": true,
                                            "self": 6644.776714299751,